family_name,given_name,name_variances,start_date,end_date,semantic_scholar_id,google_scholar_id
Abbasi,Ahmed,,8/25/20,,144849629,2MG9-NAAAAAJ
Achee,Nicole,"Achee, Nicole L.; Achee, N. L.; Achee, NL",8/22/18,,3896548,
Acosta-Serrano,Alvaro,,1/1/13,,2242837272,3qxPTcIAAAAJ
Adams,Katrina,,1/1/13,,6011639,G0CvLA8AAAAJ
Adams,Ellis,,8/25/20,,32318331,O0L0EJgAAAAJ
Adams,Yenupini,"Adams, Yenupini Joyce",8/23/21,,36025871,UcIUPugAAAAJ
Addiss,David,,1/1/16,,4179267,
Ahern,Lacey,"Ahern, Lacey N.; Ahern, L. N.; Ahern, LN",10/1/21,,50853345,
Al Jamal,Omar,,1/1/17,,,
Alber,Mark,"Alber, MS; Alber, M. S.",7/1/09,,3490162,
Alexandrova,Maria,,1/1/16,6/30/21,2068951290,
Ali,Aktar,,3/1/21,,13336581,
Ambrose,Alex,"Ambrose, G.; Ambrose, G. Alex",8/1/22,,143713936,k6gDMuwAAAAJ
Ammerman,Brooke,,8/23/21,,5296020,SKGm6rEAAAAJ
Angst,Corey,,8/22/18,,2001952,Y2b_TooAAAAJ
Antsaklis,Panos,"Antsaklis, P J",8/22/89,,1763306,LtsPBc8AAAAJ
Aprahamian,Ani,,8/22/99,,5948754,pVVdyF8AAAAJ
Archie,Elizabeth,"Archie, Elizabeth A.; Archie, E. A.; Archie, EA",8/23/21,,2440360,bn3f61gAAAAJ
Asadi,Sima,,1/1/13,,1490951190,FL5nez8AAAAJ
Ashfeld,Brandon,"Ashfeld, BL; Ashfeld, B. L.",8/22/14,,4911013,JYB5GzIAAAAJ
Assaf,Badih,"Assaf, Badih A.; Assaf, B. A.; Assaf, BA",8/1/18,,3540622,Ct9XpCcAAAAJ
Awasthi,Niranjan,,1/1/16,,5667657,
Badillo-Urquiola,Karla,,8/3/22,,1402258829,xwr6OaIAAAAJ
Baker,Brian,"Baker, Brian M.; Baker, B. M.; Baker, BM",8/22/13,,2531975; 2252040865,B95gg7wAAAAJ
Barbosa Parzianello,Lucas,"Parzianello, Lucas",9/5/23,,51176594,"""-g3AzuUAAAAJ"""
Barstis,David,,5/1/23,,,
Barstis,Toni,"Barstis, Toni L.; Barstis, T. L.; Barstis, TL; Barstis, TLO;  Barstis, T. L. O.",1/1/16,,91455261,
Bartkus,Viva,,8/22/16,,97696558,
Bauer,Peter,,8/22/99,6/30/23,145031388,6H2RnPYAAAAJ
Baumeister,Christiane,,8/25/20,,7638545,b4JVMpUAAAAJ
Baus,Juan,"Baus, Juan Esteban; Baus, J. E.; Baus, JE",9/1/20,8/1/22,2190812913,
Beauchaine,Theodore,"Beauchaine, T.",8/23/21,,4419689,fUXR3-wAAAAJ
Behrens,John,"Behrens, john T.; Behrens, J.T.; Behrens, JT",2/1/22,,31730876,h6KECK8AAAAJ
Beidinger,Heidi,"Beidinger,  Heidi A.; Beidinger, H. A.; Beidinger, HA;Beidinger-Burnett, Heidi A.; Beidinger-Burnett, H. A.; Beidinger-Burnett, HA",7/1/20,,15003916; 1405480053,
Belcher,Matthew,,1/15/24,,,
Belovsky,Gary,"Belovsky, Gary E.; Belovsky, G. E.; Belovsky, GE",1/1/16,,6905465,zSBDbDYAAAAJ
Bensman,Edward,"Bensman, Edward L.; Bensman, E. L.; Bensman, EL",1/1/16,,102949812,
Berente,Nicholas,,8/23/22,,1696137,xKzbu4QAAAAJ
Bergeman,Cindy,"Bergeman, Cindy S.",8/22/03,,2672442,zAeDZQUAAAAJ
Berke,Melissa,,7/1/15,,16865347,UJNIR5oAAAAJ
Bernstein,Gary,"Bernstein, Gary H.; Bernstein, G. H.; Bernstein, GH",8/22/98,,2289330,TflJLh4AAAAJ
Besansky,Nora,"Besansky, Nora J.; Besansky, N. J.; Besansky, NJ",8/22/02,,2524799,EXA7KdsAAAAJ
Bibby,Kyle,,6/13/19,,49451105,CXpAqu8AAAAJ
Bilgicer,Basar,"Bilgicer, Zihni; Bilgicer, Z. Basar; Bilgicer, Zihni B.; Bilgicer, Z. B.; Bilgicer, ZB",8/22/10,,24210498; 5709826,vSPEQFcAAAAJ
Bird,Ashlee,,8/1/21,,,
Blagg,Brian,"Blagg, B. S.; Blagg, B. S. J.; Blagg, BS",8/22/17,,145220519,grCSIcMAAAAJ
Blum,Susan,,8/22/09,,39516726,
Bohn,Paul,"Bohn, P. W.; Bohn, PW; Bohn, Paul W.",8/16/06,,3748238,7muexxwAAAAJ
Bolster,Diogo,,3/3/14,,2306174,VdruVWwAAAAJ
Bolten,Catherine,"Bolten, Catherine E.; Bolten, Cat; Bolten, CE",9/8/09,,84649438,mB6TeugAAAAJ
Boone,David,,1/1/16,,3402352,
Boothby,Neil,,1/1/21,,4962186,
Bosha,Sarah,,1/1/16,11/1/21,118692806,
Botchway,Marian,,10/1/19,,1436149591,To5FzpcAAAAJ
Botello,Jasmine,,1/1/19,,,
Bourgeois,Mark,,7/1/21,,2101722158,
Bowyer,Kevin,"Bowyer, Kevin W.; Bowyer, K. W.; Bowyer, KW",8/22/01,,143759604,XZkvOTEAAAAJ
Brenner,Paul,,12/15/15,,7924527,zCsBL7sAAAAJ
Brewick,Patrick,"Brewick, PT",8/23/21,,50878380,d_JmeV4AAAAJ
Brookshire,Jessica,,1/1/16,,,
Brower,Donald,"Brower, Don",1/1/22,,144846436,OVAwr0IAAAAJ
Brown,Jessica,"Brown, J. A.; Brown, JA; Brown, Jessica A.",8/21/19,,48840834; 2248259636,
Brown,Seth,,8/22/12,,145261413,
Bruening,Merlin,"Bruening, M. L.; Bruening, Merlin L.; Bruening, ML",8/22/16,,10146550,kUn9EvYAAAAJ
Buccellato,Aimee,"Buccellato, Aimee P.; Buccellato, A. P.; Buccellato, AP",1/1/16,5/24/21,49017080,
Bucher,Sherri,,1/1/16,5/1/22,33841843,
Buechler,Steven,"Buechler, Steven A.; Buechler, S. A.; Buechler, SA",1/1/16,,144713676,
Bukac,Martina,"Rosenbaum, Martina",5/22/18,,2678406,KohrsvoAAAAJ
Bullock,S. Andrew,"Bullock, Stewart; Bullock, Andrew; Bullock, S. Andrew; Bullock, S. A.; Bullock, SA",1/1/16,,4423591,
Bunker,Bruce,"Bunker, Bruce A.; Bunker, B. A.; Bunker, BA",1/1/16,,143748227,
Burghoff,David,,8/23/21,,5360805,xl379GoAAAAJ
Burks,Gabriel,,1/1/13,,2084073412,TKL7Vi0AAAAJ
Burnett,Bianca,,8/13/22,2/2/24,,
Burns,Peter,,11/25/02,,2629332,_YmGqUoAAAAJ
Cai,Liang,,5/22/21,,2112830928,g9MluwcAAAAJ
Camden,Jon,"Camden, Jon P.; Camden, J. P.; Camden, JP",8/22/16,,33914540,93cFlb8AAAAJ
Cao,Ningyuan ,,8/23/21,,31716183,zYI2MtEAAAAJ
Carlson,Clinton,,8/23/22,,153610796,
Carmichael,Ian,,8/22/04,,2054988,tVMnur0AAAAJ
Castellino,Francis,"Castellino, Francis J.; Castellino, F. J., Castellino, FJ",8/22/77,,5247489,
Castruccio,Stefano,,8/25/20,,3440546,vtPBJTUAAAAJ
Cavalieri,Angela,,1/1/16,,,
Cerrone,Albert,,8/23/21,,5524525,zZfzw2kAAAAJ
Chaloner,Dominic,,8/22/19,,3750287,
Champion,Matthew,"Champion, Matthew M.; Champion, M. M.; Champion, MM",8/22/19,,145508221,e2ioi6UAAAAJ
Champion,Patricia,"Champion, Patricia A.; Champion, P. A.; Champion, PA",8/23/21,,4383546,4KsAZAEAAAAJ
Chang,Hsueh-Chia,"Chang, H. C.; Chang, HC",8/22/87,,40017263; 1966855,tDvKc-UAAAAJ
Chang,Mayland,,7/1/21,,1954417; 47235740; 20599770; 80831186; 95406802; 48746889; 2141904258,faWmaf0AAAAJ
Chapple,Mike,"Chapple, M.; Chapple, Michael J.",11/13/22,,69457015,iLjBl3gAAAAJ
Chawla,Nitesh,"Chawla, Nitesh V.; Chawla, N. V.; Chawla, NV",8/22/15,,144539424,hDLBEhkAAAAJ
Chawla,Sugana,,1/1/21,,,
Chen,Danny,"Chen, Danny Z.; Chen, Danny Ziyi; Chen, D. Z.; Chen, DZ",8/22/02,,1743881,tRerdSIAAAAJ
Chen,Hsing-Ta,,1/1/16,,2048491864; 2048491864,eO3FlHoAAAAJ
Chen,Yixing,,8/10/20,,2116664277,4FjQuwkAAAAJ
Cheng,Ying,"Cheng, Alison",8/25/20,,49097091,"""-XtvrjsAAAAJ"""
Chiang,David,,8/22/14,,145287425,dok0514AAAAJ
Chiewphasa,Ben,,12/1/20,9/30/22,90811869,
Chisum,Jonathan,"Chisum, Jonathan D.; Chisum, J. D.; Chisum, JD  ",8/22/18,,3468946,zPxmuLYAAAAJ
Christensen,Kenneth,,1/1/16,8/1/20,48426922,LCMdPKcAAAAJ
Clark,Patricia,"Clark, Patricia L.; Clark, P. L.; Clark, PL",8/22/13,,7493161,cRwASaMAAAAJ
Cleland-Huang,Jane,,8/22/16,,1389656608,IQ5XCgYAAAAJ
Coad,Margaret,"Coad, Margaret M.",1/1/22,,20908549,I3kB5hEAAAAJ
Coalson,Jenna,,1/1/16,9/24/21,32776324,XKmMBpEAAAAJ
Coleman,Anne,"Coleman, Anne G.; Coleman, A. G.; Coleman, AG",8/22/09,,116736732,
Coleman,Jon,"Coleman, Jon T.; Coleman, J. T.; Coleman, JT",8/22/09,,104882468,
Collins,Frank,"Collins, Frank H.; Collins, F. H.; Collins, FH",1/1/16,,3155068,I5SCVa0AAAAJ
Colon,Yamil,"Colon, Yamil J.; Colon, Y. J.; Colon, YJ; Col�n, Yamil J.; Col�n, Y. J.; Col�n, YJ",8/22/19,,6170101,ZpdlyUIAAAAJ
Conrado,Ann-Marie,,8/22/19,,,
Coppedge,Michael,"Coppedge, Michael J.; Coppedge, MJ; Coppedge, M. J.",8/22/09,,40942012,2NtXdNgAAAAJ
Corcelli,Steven,,8/22/17,,5710950,F04LvRQAAAAJ
Cordova,Abby,,8/10/20,,39321885,inVDQs8AAAAJ
Corke,Thomas,,8/22/99,,3022315,KVBvOvAAAAAJ
Correa Saboia Moreira,Priscila,,9/1/22,,,
Cowden Dahl,Karen,"Cowden-Dahl, Karen; Cowden-Dahl, Karen D.; Cowden-Dahl, K.D.; Cowden-Dahl, KD; Cowden Dahl, Karen; Cowden Dahl, Karen D.; Cowden Dahl, K.D.; Cowden Dahl, KD",1/1/16,6/30/19,48330086; 4421975,b6HLJy8AAAAJ
Coyne,Philip,,8/1/21,,46381289,
Cramer,Michael,,7/1/20,,145009622,iUtLUt4AAAAJ
Crippa,Paola,,8/1/19,,46219851,XraS4xsAAAAJ
Cummings,Edward,"Cummings, E. Mark; Cummings, E. M.; Cummings, Edward M.",7/1/22,,2933709,09AIkJ0AAAAJ
Czajka,Adam,,2/1/19,,2320720,_OObpEkAAAAJ
D'Sa,Nikhit,,8/23/22,,1401433668,p_e4mK0AAAAJ
D'Souza-Schorey,Crislyn,"D'Souza Schorey, Crislyn",8/22/11,,1401209778,KcSMvd0AAAAJ
Dahl,Richard,,1/1/16,12/31/21,14690748,
Dallavis,Julie,"Dallavis, Julie W.; Dallavis, JW; Dallavis, J. W.",7/1/22,,116227438,
DasGupta,Saurja,,1/1/13,,145878441,2YKGfusAAAAJ
Datta,Meenal,,8/1/21,,40652059,2_ZtntoAAAAJ
Datta,Suman,"Datta, Suman J.; Datta, S. J.; Datta, SJ",1/1/16,8/1/22,145058489,glw0_RkAAAAJ
Davis,Kristina,,11/1/06,,,
DeFord,Melanie,,1/1/16,,6122968,
Degnan,Thomas,,1/1/16,,93586592,66ZCKswAAAAJ
Del Valle,Juan,"Del-Valle, Juan; Del-Valle, Juan R.; Del-Valle, J. R.; Del-Valle, JR; Del Valle, Juan; Del Valle, Juan R.; Del Valle, J. R.; Del Valle, JR",8/22/19,,6957993; 3202449,psj7vHAAAAAJ
Desalle,John,,9/1/19,,,
Dhaliwal,Ranjodh,,8/23/21,,2047523463,tcALPPAAAAAJ
Dobrowolska-Furdyna,Malgorzata,"Dobrowolska Furdyna, Malgorzata",1/1/16,,1573208120,
Donahue,Marie,,6/13/19,,150207453,
Doroh,Alissa,,9/1/15,1/1/23,,
Doudrick,Kyle,"Doudrick, Kyle W.; Doudrick, K. W.; Doudrick, KW",8/19/19,,3207629,NHJ5hQIAAAAJ
Dovichi,Norman,"Dovichi, N. J.; Dovichi, Norman J., Dovichi, NJ",1/1/16,,5167309,CgYHCQkAAAAJ
Dowd,Robert,"Dowd, Robert A.; Dowd, R. A.; Dowd, RA",8/22/16,,114891825,s4ORx3cAAAAJ
Dowling,Alexander,"Dowling, Alexander W.; Dowling, A. W.; Dowling, AW",8/25/20,,2097650,fDiIhvAAAAAJ
Duffield,Giles,"Duffield, Giles E.; Duffield, G. E.; Duffield, GE",8/22/13,,4168083,
Duman Scheel,Molly,"Duman-Scheel, Molly; Scheel, Molly D.; Scheel, M. D.; Scheel, MD",1/1/16,,1398685109,A-6D9KoAAAAJ
Dunn,Robert,"Dunn, Robert M.; Dunn, R. M.; Dunn, RM",1/1/22,,,
Easley,Robert,"Easley, Rob",8/22/17,,38567789,R9dw3AAAAAJ
Echavarria,Josefina,"Echavarria Alvarez, Josefina",7/1/23,,115962998,wrqkpgsAAAAJ
Egan,Scott,"Egan, Scott P.; Egan, S. P.; Egan, SP",1/1/16,,33413207,Zv-wcpoAAAAJ
Eggleson,Kathleen,"Eggleson, Kathleen K.; Eggleson, K. K.; Eggleson, KK; Eggleson, Kathy",1/1/16,,5764136,At7-HWEAAAAJ
Emrich,Scott,,1/1/16,12/31/18,1760521,
Eskildsen,Morten,"Eskildsen, Morten R; Eskildsen, M. R.; Eskildsen, MR",8/22/14,,3012476,SvPJ6MwAAAAJ
Fay,Patrick,"Fay, Patrick J.; Fay, P. J.; Fay, PJ",8/22/08,,32774631,gEFxHHMAAAAJ
Feder,Jeffrey,"Feder, Jeffrey L.; Feder, J. L.; Feder, JL",8/22/06,,38155103,5Vbw_V8AAAAJ
Fein,Jeremy,"Fein, Jeremy B.; Fein, J. B.; Fein, JB",8/22/03,,2837619,4QWdYAMAAAAJ
Ferdig,Michael,"Ferdig, Michael T.; Ferdig, M. T.; Ferdig, MT",8/22/14,,2608768,
Fernando,Harindra,"Fernando, Harindra Joseph; Fernando, Harinda J.; Fernando, H. J.; Fernando, HJ",1/1/10,,144498979; 3154492,DJ6vhAQAAAAJ
Flagel,David,,7/1/21,,5105379,
Flores-Mireles,Ana Lidia,"Flores Mireles, Ana; Flores Mireles, Ana Lidia; Flores Mireles, Ana L.; Flores Mireles, A. L.; Flores Mireles, AL; Flores-Mireles, Ana; Flores-Mireles, Ana Lidia; Flores-Mireles, Ana L.; Flores-Mireles, A. L.; Flores-Mireles, AL",8/22/18,,1403145677,
Flynn,Patrick,"Flynn, Patrick J.; Flynn	, P. J.; Flynn, PJ",8/22/04,,1704876,h20U9WcAAAAJ
Fogarty,Brian,"Fogarty, Brian J.; Fogarty, B. J.",1/14/20,,40520720,gXF5TKAAAAAJ
Ford,Scott,,3/1/18,,,
Forro,Laszlo,,8/24/21,,2119555653,clzISk0AAAAJ
Fox,Mark,"Fox, Mark D.; Fox, M. D.; Fox, MD",9/11/15,,34587655,CTWHYJYAAAAJ
Francis,Claudia,,9/1/15,,,
Fraser,Malcolm,"Fraser, Malcolm J.; Fraser, M. J.; Fraser, MJ",,5/24/21,48589643,9EyPNFYAAAAJ
Fu,Guosheng,,7/1/19,,3132156,ee8TOlIAAAAJ
Fu,Kaiyu,,8/23/22,,12801806,ugTUjv8AAAAJ
Fuentes,Agustin,,1/1/16,6/30/20,144266258,
Fuja,Thomas,"Fuja, Thomas E.; Fuja, T. E.; Fuja, TE",8/22/01,,1685044,nteTQDAAAAAJ
Furdyna,Jacek,"Furdyna, Jacek K.; Furdyna, J. K.; Furdyna, JK",1/1/16,,20457754,XyjUQPAAAAAJ
Galvin,Mary,"Galvin, Mary E.; Galvin, M. E.; Galvin, ME",1/1/16,12/31/21,,
Gao,Haifeng,,8/22/17,6/30/23,2203523,96Fg0RwAAAAJ
Gao,Pengjie,,8/22/07,,30017960,JXgmF4YAAAAJ
Garcia-Martinez,Angelica,,1/1/22,,,
Gesing,Sandra,,1/1/16,7/5/21,1702333,0U8U6t0AAAAJ
Gettler,Lee,,8/22/14,,3928312,buAAuygAAAAJ
Gezelter,Daniel,,8/22/15,,2189520,Q1HKYyYAAAAJ
Ghiaseddin,Roya,,8/22/16,,147906921,
Ghosh,Monisha,,1/10/22,,143676588,VVd9ZbgAAAAJ
Ghosh,Subhomoy,,7/1/21,3/31/23,29780805,
Gibbs,Chloe,,8/22/18,,46794029,rtgPXMwAAAAJ
Gilbert Coleman,Annie,,8/22/09,,116736732,
Glowacki,Donna,,8/22/15,,93636116,
Go,David B.,"Go, David; Go, D. B.; Go, DB",8/22/19,,2463134,cgiUV84AAAAJ
Gomez-Zara,Diego,,8/23/22,,2006191513,38oRgxMAAAAJ
Goodson,Holly,"Goodson, Holly V.; Goodson, H. V.; Goodson, HV",2/2/12,,3040913,4cp4gcUAAAAJ
Graff,Dan,"Graff, Daniel A.",7/1/19,,,
Gresik,Thomas,"Gresik, Thomas A.; Gresik, T. A.; Gresik, TA",8/22/00,,1910453,"""-qkWlP0AAAAJ"""
Grieco,John,"Grieco, John P.; Grieco, J. P.; Grieco, JP",8/23/21,,2173208,bTIttQIAAAAJ
Grubert,Emily,"Grubert, E. A.; Grubert, Emily A.",7/1/22,,30102193,3RI02dcAAAAJ
Guo,Hong,,8/25/20,,2111300271,ZsszgbAAAAAJ
Guo,Ruilan,,8/22/18,,14456728,M4-bhMoAAAAJ
Gupta,Vijay,,8/22/16,,144558316,bqIaK90AAAAJ
Hachen,David,,8/25/20,,2111300271,aGrfCH4AAAAJ
Haeffel,Gerald,,8/22/12,,4824358,l8Aa9eAAAAAJ
Haldar,Kasturi,,8/22/08,,145390776,
Hall,Douglas,"Hall, Douglas C.; Hall, D. C.; Hall, DC ",8/22/00,,34235337,
Hall,Matthew,"Hall, Matthew E.",8/25/20,,143996840,u2Bg1vkAAAAJ
Hamlet,Alan,"Hamlet, Alan C.; Hamlet, A. C.; Hamlet, AC",7/1/15,,4321957,z6ioJdsAAAAJ
Hamlin,Christopher,"Hamlin, Christopher S.; Hamlin, C. S.; Hamlin, CS",5/24/21,,145316990,y_7VlPYAAAAJ
Hampton,Scott,,1/1/16,,17034283,
Han,Yuefeng,,7/1/22,,2112894252,I3eMRSAAAAAJ
Hanjaya-Putra,Donny,"Hanjaya Putra, Donny",9/1/17,,1401210765,LYtBhooAAAAJ
Hapke,Maciej,,7/1/23,8/31/23,,
Harden,Jeffrey,"Harden, Jeffrey J.; Harden, JJ; Harden, J. J.",8/22/16,,15562939,utzG1yUAAAAJ
Harden,Melissa,"Harden, M.",8/1/16,,144503816,beEB-gMAAAAJ
Hartland,Gregory,"Hartland, Gregory V.; Hartland, G. V.; Hartland, GV",8/22/04,,5242919,xFJLEKIAAAAJ
Hassan,Sazzad,"Hassan, Md. Sazzad; Hassan, M. S.; Hassan, S. A.; Hassan, MS; Hassan, SA",1/1/16,,6684619,
Hauenstein,Jonathan,,8/22/19,,2035621,ALC7JXUAAAAJ
Hauenstein,Matthew,,8/1/18,,123441877,B1F1ltcAAAAJ
Hellman,Lance,,1/1/16,6/30/19,39439170,
Hellmann,Jessica,"Hellmann, Jessica J.; Hellmann, J. J.; Hellmann, JJ",1/1/16,,40417490,
Helquist,Paul,,8/22/84,,5854975,
Heryadi,Dodi,,1/1/16,,143623283,
Hicks,Jason,"Hicks, Jason C.; Hicks, J. C.; Hicks, JC",8/22/16,,29849638,a-fPzQYAAAAJ
Hildreth,Mike,"Hildreth, Michael D.",8/22/12,,69857300,mIUny9YAAAAJ
Hill,Reginald,,1/1/16,7/31/18,145520732; 144329969,
Hilliard,Tyvette,"Hilliard, T. S. ; Hilliard, Tyvette, S.; Hilliard, TS  ",7/1/21,,4046552,
Hinkle,Christopher,,8/23/21,,37423177,7jZPDmUAAAAJ
Hixon,Amy,,8/25/20,,13209559,f2djlnEAAAAJ
Hoelzle,David,,1/1/16,,2101687,
Hoffman,Anthony,"Hoffman, Anthony J.; Hoffman, A. J.; Hoffman, AJ  ",8/22/18,,32204963,Z2JWSlQAAAAJ
Holland,Maria,,8/25/20,,35208303,dUTauN0AAAAJ
Hollocher,Hope,,8/22/00,,3341377,AlhS_JsAAAAJ
Hornbeck,Corrine,,1/1/16,,,
Howard,Don,"Howard, Don A.; Howard, D. A.; Howard, DA",8/22/97,,143880321,CPjf6t8AAAAJ
Howard,Scott,"Howard, S. S.; Howard, Scott S.; Howard, SS",8/22/17,,143788419,nCQl_LMAAAAJ
Howe,Erin,"Howe, Erin N.",7/1/21,,10679564,
Howell,Sonia,,3/1/22,,49922330,
Howington,Connor,,11/27/17,,2136944098,
Hsu,Yi-Ting,"Hsu, Yi-Ting S.; Hsu, Y. S.; Hsu, YS",8/25/20,,50040994,x0dAAD0AAAAJ
Hu,Bei,,8/22/10,,144010727,6QmxfxIAAAAJ
Hu,Ming,,8/22/23,,144769401,v5Hw8AkAAAAJ
Hu,Xiaobo,"Hu, Xiaobo Sharon; Hu, X. Sharon; Hu, Sharon; Hu, XS; Hu, X. S.",8/22/08,,30967330,tQRvus8AAAAJ
Huang,Yih-Fang,,8/22/92,,35113849,
Huber,Bruce,,8/22/17,,115511680,g-ArgSwAAAAJ
Huber,Paul,"Huber, P. W.; Huber, Paul W.; Huber, PW",8/22/03,,5567332,zv2k6Y0AAAAJ
Hughes,Robert,"Hughes, Robert A.; Hughes, R. A.; Hughes, RA",8/24/21,,21804308,UfR-1DAAAAAJ
Hummon,Amanda,"Hummon, Amanda B.; Hummon, A. B.; Hummon, AB",1/1/16,6/30/20,4108509,
Hurtado-Anampa,Kenyi,"Hurtado Anampa, Kenyi; Hurtado, Kenyi",1/1/16,,93253825,l0PlnfIAAAAJ
Huynh,Khoa,,1/1/16,,,
Hyde,David,,1/1/13,,1993512,
Iloanusi,Ogechukwu,"Iloanusi, Ogechukwu N.",8/1/23,7/31/24,1859703,y1Q1onsAAAAJ
Iluc,Vlad,,8/22/17,,6743984,I8EypAkAAAAJ
Jacobucci,Ross,"Jacobucci, Ross C.",8/25/20,,8490482,K7_cclwAAAAJ
Jaffe,Adam,,8/24/21,,48335687,h8vhUvAAAAAJ
Janko,Boldizsar,,8/22/08,,8408435,#NAME?
Javeline,Debra,,8/22/09,,13163333,Z2YKR8EAAAAJ
Jensen,Richard,"Jensen, Richard A.; Jensen, R. A.; Jensen, RA",1/1/18,,1405949627,aw0WCJUAAAAJ
Jerde,Christopher,,1/1/16,,5748024,
Jessop,Colin,,8/22/11,,122792899,
Jia,Zhenge,,9/1/22,,153862908,ROgpsv0AAAAJ
Jiang,Meng,,8/25/20,,144812586; 2152153528,LZIPfCkAAAAJ
Jin,Dafei,,9/1/22,,49953613,
Johnson,Emily,"Johnson, EL; Johnson, E. L.; Johnson, Emily L.",1/1/22,,34404847,rmKCyhMAAAAJ
Johnson,Rick,,9/1/08,,2108926175,bwD_23UAAAAJ
Jones,Stuart,,8/23/21,,144643108,79vQPMUAAAAJ
Joshi,Madhav,,5/18/21,,39755631,mAgFLCoAAAAJ
Joshi,Siddharth,,8/22/18,,145940385,PegsFZ8AAAAJ
Juliano,Thomas,,8/25/20,,92167837,MvgUR6QAAAAJ
Jung,Taeho,,8/25/20,,8645024,j7wN3bYAAAAJ
Kajzer,Mitchell,"Kajzer, Mitch; Kajzer, Michell D.; Kajzer, M.D.",7/1/22,,93387870,xRC5X74AAAAJ
Kaliney,William,,1/1/16,,8249812,
Kamat,Prashant V.,"Kamat, Prashant V.;  Kamat, P. V.;  Kamat, PV",8/22/05,,2064842,_yMNHCMAAAAJ
Kantor,Jeffrey,"Kantor, Jeffrey C.;  Kantor, J. C.;  Kantor, JC",8/22/92,7/31/23,2738499,_CiTwFMAAAAJ
Kanuri,Vamsi,"Kanuri, Vamsi Krishna; Kanuri, Vamsi K.",8/23/21,,71833247,Ip7YY2EAAAAJ
Kapoor,Karan,,10/1/23,,,
Kareem,Ahsan,,8/22/90,,1942187,UY8Ck0QAAAAJ
Kay,Tamara,,8/22/16,,39281029,55NFYesAAAAJ
Kelanic,Rosemary,,8/25/20,,115382451,pXX09IUAAAAJ
Kelley,Ken,"Kelley, Kenneth",8/22/14,,145894204,G9JORkUAAAAJ
Kennel,Michael,,12/1/21,,,
Keranan,Jocelyn,,4/1/21,1/1/23,,
Khasawneh,Yazen,,8/25/20,,95391816,5Yl64xAAAAAJ
Kijewski-Correa,Tracy,,8/22/08,,1405375118,G4g-wxQAAAAJ
Kilbane,Matthew,,8/24/21,,1582615612,
Kim,Oleg,,1/1/16,,1827724,
Kinzel,Edward,,1/14/19,,47714523,mTUXJtIAAAAJ
Kirby,Evan,,8/23/22,,34996170,
Kiziltepe,Tanyel,"Kiziltepe Bilgicer, Tanyel",8/24/21,,47308597,
Klymenko,Yulia,,1/1/16,,,
Knowlton,Ryan,,1/1/16,1/14/22,,
Koepfli,Cristian,,7/1/18,,6677325,evvk_34AAAAJ
Kogge,Peter,"Kogge, Peter M; Kogge, P. M.; Kogge, PM",8/22/94,,1743905,3-PRZG0AAAAJ
Koren III,John,,1/1/16,6/30/20,2335314,
Kowalski,Monica,"Kowalski, Monica J.",7/1/21,,143643601,NiIxof0AAAAJ
Kresnak,Laura,,4/23/15,,,
Krusche,Krupali,,8/22/13,,51901932,ccchphkAAAAJ
Kuehlkamp,Andrey,,1/3/23,,3311080,1Xb6f_EAAAAJ
Kumar,Santosh,,8/3/22,,2109673185,gb5LUY4AAAAJ
Kuno,Ken,"Kuno, Masaru Ken; Kuno, M. K.; Kuno, Masaru; Kuno, MK",8/22/16,,35081507,weHG1NIAAAAJ
Kurama,Gino,"Kurama, Yahya (Gino);  Kurama, Yahya Gino;  Kurama, Y. G.;  Kurama, YG",8/22/11,,17969300,
Kuskova,Valentina,"Kuskova, Valentina V.",3/15/22,,9033299,zy4L3PUAAAAJ
Kwon,Dae Kun,"Kwon, D. K.; Kwon, DK",7/1/21,,1934456,
Lake,Derek,,1/1/16,,,
Lalor,John,,1/14/20,,9051130,d7r0R14AAAAJ
Lamberti,Gary,"Lamberti, Gary A.; Lamberti, G. A.; Lamberti, GA",8/22/00,,46887056,51aniTQAAAAJ
Landers,Robert,,9/4/21,,1747790,f1rd-k0AAAAJ
Lannon,Kevin,,8/25/20,,1716753,V7ctd8kAAAAJ
Lapsley,Daniel,,8/22/06,,2983247,jlbB1MsAAAAJ
LaVerne,Jay,"LaVerne, Jay A.;  LaVerne, J. A.;  LaVerne, JA",7/1/10,,94477978,
Lax-Walker,Kristian,"Lax-Walker, Kristian Y.",7/1/22,,,
Lee,Shaun,"Lee, Shaun W.; Lee, S. W.; Lee, SW",8/22/15,,2148137,
Lee,Yong Suk,,8/24/21,,2110073106,xp7eZHwAAAAJ
Leevy,W. Matthew,"Leevy, Matthew; Leevy, W; Leevy, WM; Leevy, Matt; Leevy, W. M.",7/1/19,,7891506,
Lefever,Jennifer,"Lefever, Jennifer Burke; Lefever, JEB",8/22/00,,4386325; 47794706,havlMvQAAAAJ
Leighton,David,"Leighton, David T.; Leighton, D. T.; Leighton, DT",8/22/00,,26549739,MW13ovEAAAAJ
Lemmon,Michael,"Lemmon, Michael D.; Lemmon, M. D.; Lemmon, MD",8/22/04,,1707848,NW1i4Z4AAAAJ
Lent,Craig,"Lent, Craig S.; Lent, C. S.; Lent, CS",8/22/96,,2853226,5ONt15QAAAAJ
Leonov,Sergey,,8/23/21,,32521871,XIr9FccAAAAJ
Li,Jianneng,,1/17/23,,47787022,5zaGXCkAAAAJ
Li,Jun,"Li, Junbing",8/25/20,,46276642,
Li,Toby,"Li, Toby Jia-Jun; Li, Jiajun",8/23/21,,34997918,"""-qCUO0kAAAAJ"""
Lieberman,Marya,,8/22/16,,19344899; 2245889203,cGUDsQEAAAAJ
Lieva,Donovan,,4/1/23,,,
Lin,Lizhen,,8/22/19,,1945306,gNkzyB4AAAAJ
Lisouskaya,Aliaksandra,,7/1/23,,4891623,"""-aLCK2IAAAAJ"""
Littlepage,Laurie,"Littlepage, Laurie E.; Littlepage, L. E.; Littlepage, LE",8/25/20,,5426330,QpHXgWAAAAAJ
Liu,Cheng,,8/23/21,,50557555,REJfbcEAAAAJ
Liu,Fang,,8/25/20,,50207864; 87922517; 48697146,lVYBYqcAAAAJ
Liu,Katherine,"Liu, Katie; Liu, K.N.; Liu, Katherine N.",9/1/21,,2218821745,ksWWvqoAAAAJ
Liu,Lei,,8/22/18,,49479943,3hStbEwAAAAJ
Liu,Xiaolong,,1/10/22,,51259444,4YnNlj8AAAAJ
LIU,XIN,,1/1/16,,,DI9KTLoAAAAJ
Liu,Xinyu,,7/1/20,,2110787885; 40246549,lEPxYeUAAAAJ
Lizardo,Omar,"Lizardo, Omar A.; Lizardo, O. A.; Lizardo, OA",1/1/16,,2632398,
Lobo,Neil,"Lobo, Neil F.; Lobo, N. F.; Lobo, NF",7/1/19,,2343253,
Lodge,David,"Lodge, David M.; Lodge, D. M.; Lodge, DM",7/1/11,,46818175,
LoSecco,John,"LoSecco, J. M.; LoSecco, JM; LoSecco, John M.",8/22/91,,46458547; 152439050,u0oLmvwAAAAJ
Lu,Xin,,8/25/20,,48574462; 145574672,lT2oXdoAAAAJ
Luo,Tengfei,,8/25/20,,34798355,VIiy6ugAAAAJ
Ma,Jincheng,,1/1/13,,112897026,DS-7Y7QAAAAJ
Madey,Gregory,"Madey, Gregory R.; Madey, G. R.; Madey, GR",1/1/16,,1728986,nYdU_wgAAAAJ
Maginn,Edward,,8/22/05,,3138192,v1fH8PQAAAAJ
Majetic,Cassie,,1/1/16,,5975620,
Makhija,Ramandeep,,10/11/21,,134655271,1eFOIVMAAAAJ
Malta Rodrigues,Alan,"Rodrigues, A.",1/1/22,,145636816,
Manukyan,Khachatur,,7/1/21,,12441932,l4nf9V0AAAAJ
Marcantonio,Richard,"Marcantonio, Drew; Marcantonio, Richard A.; Marcantonio, R. A.; Marcantonio, RA",8/1/22,,97212453,S58_jdwAAAAJ
Marentette,Tom,,1/1/16,,,
Mathews,Grant,"Mathews, Grant James; Mathews, Grant J.; Mathews, G. J.; Mathews, GJ",11/23/94,,34943424,lAOztroAAAAJ
Matlis,Eric,,7/1/21,,15006228,s13R_ZkAAAAJ
Matous,Karel,,8/22/19,,145122215,6Qq9Y5kAAAAJ
Maurice,Patricia,"Maurice, Patricia A.; Maurice, P. A.; Maurice, PA",1/1/16,,32648207,aJqpCBQAAAAJ
McClarren,Ryan,,7/1/21,,1741681,9aCoqLYAAAAJ
McCready,Mark,,8/22/96,,1900580,0X91bQkAAAAJ
McDonnell,Erin,,1/7/12,,48854910,gnzbCogAAAAJ
McDonnell,Terry,"McDonnel, Terrence",1/7/14,,32443829,A9nLdtkAAAAJ
McDowell,Mary,"McDowell, Mary A.; McDowell, M. A.; McDowell, MA; McDowell, Mary Ann",8/23/21,,144205872,
McGillis,Wade,"McGillis, Wade R.;McGillis, W. R.;McGillis, WR",1/1/22,,145244613,
McGinn,Paul,"McGinn, Paul J.;  McGinn, P. J.;  McGinn, PJ",8/22/97,,10015203,SzccF7QAAAAJ
McKenny,Gerald,"McKenny, Gerald P.; McKenny, G. P.; McKenny, GP",7/1/11,,7984649,
McLachlan,Jason,"McLachlan, Jason S.; McLachlan, J. S.; McLachlan, JS",8/22/13,,40246865,
McManus Warnell,Jessica,,12/1/18,,114773561; 137891277,ETql4GsAAAAJ
Mechtenberg,Abigail,,8/24/21,5/23/23,2007943351,Iqu2SPEAAAAJ
Medich,Natalie,,9/1/21,,,
Medvigy,David,,8/22/16,,3307163,sG7aTIcAAAAJ
Melander,Christian,,8/22/18,,145977974,t_V7n5kAAAAJ
Meng,Sisi,,8/24/21,,88467642,mo6InBgAAAAJ
Merluzzi,Thomas,"Merluzzi, Thomas V.; Merluzzi, TV; Merluzzi, T. V.",8/22/04,,5894372,ZSbgKEYAAAAJ
Merz,James,"Merz, James L.; Merz, J. L.; Merz, JL",7/1/09,,48112054,
Metoyer,Ronald,,1/1/20,,1809549,GgKnNwEAAAAJ
Meyers,Natalie,"Meyers, Natalie K.",7/1/21,,2058845515;24965844,aFmdDLoAAAAJ
Michael,Edwin,,1/1/16,5/18/20,144819770,
Milenkovic,Tijana,,7/1/20,,46352643,QrS2y5sAAAAJ
Miller,Daniel,,8/24/21,,152724743,JWudOiEAAAAJ
Miller,Marvin,"Miller, Marvin J.; Miller, M. J.; Miller, MJ   ",5/22/16,,5237075; 153798265; 152560521,oSVRAm8AAAAJ
Miller,Samuel,,8/25/20,,,
Miller-Graff,Laura,,6/13/19,,1402357854,G5SMVHAAAAAJ
Mintairov,Alexander,,6/30/19,,46356579,
Miranda,Marie Lynn,"Miranda, M.",7/1/20,7/4/23,1849990,lPZNNy8AAAAJ
Mobashery,Shahriar,,8/22/03,,6040950,OEgr5zcAAAAJ
Moniz,Nuno,,8/1/22,,3123114,rAMxBZEAAAAJ
Moore,Sean,,7/1/21,,47262814,onaCaZkAAAAJ
Morales,Miguel,,1/1/16,,144691433,
Moreira,Daniel,"Moreira, Daniel Henriques; Moreira, Daniel H.; Moreira, DH; Moreira, D. H.",1/1/16,8/1/22,133845545,
Morgan,Brittany,,8/23/22,,47846017,upTpXp8AAAAJ
Morgan,Eric,"Morgan, Eric Lease; Morgan, Eric L.",7/1/21,,34677440,Y34PnsYAAAAJ
Morimoto,Mariko,,1/1/13,,47587311,HfOQjokAAAAJ
Morris,Michael,"Morris, Michael H.",1/1/17,,50373195,Y9cRdbIAAAAJ
Morris,Scott,"Morris, Scott C.;  Morris, S. C.;  Morris, SC ",8/22/16,,120827389,gpjL6qQAAAAJ
Morris,William,"Morris, Russ",1/24/23,,,
Motghare,Swapnil,"Motghare, Swapnil K.",3/1/22,7/1/23,2119982448,qUqRQsUAAAAJ
Mukasyan,Alexander,"Mukasyan, Alexander S.;  Mukasyan, A. S.;  Mukasyan, AS",7/1/20,,5283125,b8XySnEAAAAJ
Mukherjee,Angana,"Mukherjee, A.",7/1/20,,4737738,pcrwf1cAAAAJ
Muller,Marc,,6/1/13,6/30/23,37888565,jnHeBrcAAAAJ
Muller-Itten,Michele,,1/1/17,,1504685436,KZYykzcAAAAJ
Murillo,Luis Felipe,"Murillo, Luis Felipe R.",1/10/22,,2199123300,
Mustillo,Sarah,,8/22/14,,4362018,1yASlSQAAAAJ
Mustillo,Thomas,,8/22/18,,41183059,9ASzV7oAAAAJ
Myung,Nosang,"Myung, Nosang Vincent; Myung, NV",8/25/20,,34862088,LysC3ygAAAAJ
Nabrzyski,Jaroslaw,"Nabrzyski, Jarek",1/1/16,,1778716,pLSWiEcAAAAJ
Nagle,John,"Nagle, John C.; Nagle, J. C.; Nagle, JC",1/1/16,5/18/19,144171015,
Nahas,Joseph,"Nahas, Joseph J.; Nahas, J. J.; Nahas, JJ",1/1/16,,2919773,MERvKCcAAAAJ
Nahlen,Bernard,,12/1/17,,4976257,"""-BBJ87UAAAAJ"""
Nallathamby,Prakash,"Nallathamby, Prakash D.; Nallathamby, P. D.; Nallathamby, PD",9/1/19,,9835117,pkez5IQAAAAJ
Narayan,Devika,,,,50613605,
Nerenberg,Robert,,8/22/19,,5308255,pf5z5E0AAAAJ
Neretina,Svetlana,,8/22/16,,11040080,21pabKIAAAAJ
Nichols,Margaret,,1/1/23,,,
Niebur,Glen,"Niebur, G. L.; Niebur, Glen L.; Niebur, GL",8/22/12,,6367835,HbETVwoAAAAJ
Niemier,Michael,"Niemier, Michael T.; Niemier, M. T.; Niemier, MT",8/25/20,,2751894,jevPwGEAAAAJ
Nijim,Sharif,,8/27/19,,4559786,kLoDCJ4AAAAJ
Noffsinger,Matthew,"Noffsinger, Matt",1/1/22,12/21/23,,
Novick,Rachel,,1/1/16,7/1/21,,
Nwanganga,Frederick,,8/23/21,,2155723,itQ35mYAAAAJ
O'Brien,Casey,"O'Brien, Casey P.; O'Brien, C. P.; O'Brien, CP",8/25/20,,1421706557,UYwObeEAAAAJ
O'Sullivan,Thomas,"O'Sullivan, T. D.; O'Sullivan, Thomas D.; O'Sullivan, TD",8/22/19,,1403112724,MnFqT-YAAAAJ
O'Tousa,Joseph,"O'Tousa, Joseph E.; O'Tousa, J. E.; O'Tousa, JE",8/22/98,,1399545012,q7uNFi0AAAAJ
Ober,Teresa,,7/1/21,,31363340,
Ocobock,Cara,,8/27/19,,145697593,u3iE81oAAAAJ
Oka,Rahul,,9/9/09,,7966079,ogaHo-wAAAAJ
Olshefke,Allison,,9/1/21,,,
Olson,Ken,,1/1/16,,34722946,lunPYX0AAAAJ
Onyango,John,,8/20/19,,123965728,g6ocA7QAAAAJ
Orlov,Alexei,,7/1/20,,35096993,9hxe9tsAAAAJ
Ovaert,Timothy,,8/22/00,,6110024,_wS32QQAAAAJ
Padilla,Jenny,"Padilla, Jennifer",8/24/21,,145798662,E7WNas8AAAAJ
Page-Mayberry,Toni,"Page Mayberry, Toni",1/1/16,,1483593146,
Panopoulos,Athanasia,"Panopoulos, Athanasia D.; Panopoulos, A. D.;Panopoulos, AD",7/1/21,,4417566,
Paolucci,Samuel,,1/1/17,,1884333,LsD5YMUAAAAJ
Patzke,Christopher,,8/1/20,,3723421,Serf6tMAAAAJ
Peaslee,Graham,,8/22/16,,4771271,tDl7_hUAAAAJ
Peng,Jeffrey,,1/1/13,,1815521,
Peng,Zhangli,,1/1/16,3/31/20,6506717l; 153001572; 50037763,
Pentimonti,Jill,,1/1/20,,5438323,zM0YgXsAAAAJ
Perez-Linan,Anibal,"Perez-Linan, Anibal S.",8/22/18,,1399412415,UwryKbkAAAAJ
Perez-Romero,Pilar,,1/1/13,,1398605829,HENb0Q8AAAAJ
Perkins,Alex,"Perkins, Troy A.; Perkins, T. A.; Perkins, TA; Perkins, T. Alex; Perkins, Alex",3/1/15,,144852694; 51355173; 120269530,D7D-fg4AAAAJ
Perrin,Paul,,7/1/20,,6672922,5WvoNQYAAAAJ
Pettifor,David,,1/1/11,,,
Pfeil,Margaret,"Pfeil, Margaret R.",8/23/22,,114474655,
Pfrender,Michael,,8/22/18,,3880782,tbB1Z6IAAAAJ
Phifer,Arnie,,1/1/16,,,
Phillip,William,"Phillip, William A.;  Phillip, W. A.;  Phillip, WA",8/21/17,,4361612,QU69A7QAAAAJ
Pitts,Dilkushi,,1/1/16,,2382224,0vBtu8UAAAAJ
Ploplis,Victoria,"Plopis, Victoria A.; Plopis, V. A.; Plopis, VA",7/1/20,,5663677,PArlowQAAAAJ
Poellabauer,Christian,,1/1/16,8/31/21,1765524,
Ponisciak,Stephen,"Ponisciak, Steve",10/1/15,,73383483,
Porciello,Jaron,"Porciello, jaron A.",7/1/22,,69031478,v8MTTocAAAAJ
Porod,Wolfgang,,8/22/92,,2023946,8wpULz8AAAAJ
Porter,Rachel,"Porter, Rachel A.",8/23/22,,47433436,CuQqTt4AAAAJ
Powers,Joseph,,8/22/08,,30726349,AmuPwR0AAAAJ
Prosperi,Jenifer,"Prosperi, J. R.; Prosperi, Jenifer R.; Prosperi, JR",7/1/21,,37806562,
Ptasinska,Sylwia,,8/22/15,,6439868,fpFGUy0AAAAJ
Ragland,Gregory,,1/1/16,,6244334,
Ravosa,Matthew,"Ravosa, M. J.; Ravosa, MJ",7/31/11,,4288102,ytjwmuIAAAAJ
Reger,Michael,,7/1/22,,,
Reinking,Caleb,,1/1/16,,73773187,
Renieris,Elizabeth,,1/1/21,10/1/22,5/23/22,
Richman,Karen,,8/22/11,,89027627,yStkF-UAAAAJ
Richter,David,,8/22/19,,2062222215; 47012916,2ygI7U8AAAAJ
Rimes,David,"Rimes, Dave",7/1/12,,,
Rivero-Fuentas,Maria Estela,,1/1/16,,,
Robichaud,Jennifer,"Robichaud, Jennifer D.; Robichaud, J. D.; Robichaud, JD",7/1/19,,,
Rocha,Adrian,"Rocha, Adrian V.; Rocha, A. V.; Rocha, AV",8/22/19,,9374717,1L05fyMAAAAJ
Roeder,Ryan,"Roeder, R. K.; Roeder, RK",8/22/16,,40525591,ube4zJkAAAAJ
Rohr,Jason,,1/17/19,,52006256,yaRksUAAAAAJ
Rollings,Kimberly,,1/1/16,6/30/21,4220577,
Romero-Severson,Jeanne,,8/22/13,,1399208693,8_mVEEkAAAAJ
Rosenbaum,Robert,,8/25/20,,143665081,zf7Ct3QAAAAJ
Rosenberger,Matthew,,1/12/21,,8912599,ii_-qaoAAAAJ
Rouvimov,Sergei,,1/1/16,,49112161,u44YdfMAAAAJ
Roy,Lynn,,1/1/16,,49465845,
Rubin,Hannah,,1/1/16,12/31/22,48701017,doV-3wIAAAAJ
Ruggiero,Steven,"Ruggiero, S. T.; Ruggiero, Steven T.; Ruggiero, ST",5/22/19,,34939614,
Rumbach,Paul,,8/23/21,,6106058,9ps1jTYAAAAJ
Rumschlag,Samantha,,1/1/16,7/1/22,14707528,Cvys--IAAAAJ
Rund,Samuel,,1/1/16,,145548752,7pVhIgMAAAAJ
Saha,Kamal,,1/1/16,3/31/23,4545643,ZXgmA3EAAAAJ
Sakaue,Hirotaka,,8/23/21,,48361534,hEZxZXIAAAAJ
Sakimoto,Phillip,"Sakimoto, Phillip J.",7/1/21,,97051894,
Sandberg,Bradley,"Sandberg, Brad",6/1/21,,,
Santiago-Tirado,Felipe,"Santiago Tirado, Felipe",8/22/18,,1401497287,YVoFYf8AAAAJ
Sauer,Ken D.,"Sauer, Ken; Sauer, Ken D.; Sauer, K. D., Sauer, KD",8/22/95,6/30/23,145701804,
Schaefer,Jennifer,,8/23/21,,40100860,bWk0fjIAAAAJ
Schafer,Zachary,"Schafer, Zachary T.; Schafer, Z. T.; Schafer, ZT",8/22/15,,4770016,
Scheirer,Walter,"Scheirer, Walter J.",4/1/20,,2613438,dlV-qnUAAAAJ
Schmid,Steven,"Schmid, Steven R.; Schmid, S. R.; Schmid, SR",12/31/19,,47684337,LYLhP2kAAAAJ
Schneider,William,,8/22/09,,35198272,7a2aQL0AAAAJ
Schnell,Santiago,,9/1/21,,144733644,E6wiEloAAAAJ
Schorey,Jeffrey,"Schorey, Jeffrey S.; Schorey, J. S.; Schorey, JS",8/22/11,,5601339,f5nlQlkAAAAJ
Schultz,Zachary,"Schultz, Zachary D.; Schultz, Z. D.; Schultz, ZD ",1/1/16,06/31/2019,5346274,
Schulz,Robert,,1/1/16,7/6/19,32662670,
Schurr,Mark,"Schurr, Mark R.; Schurr, M. R.; Schurr, MR",8/22/10,,3510688,JzDVmAIAAAAJ
Schwarz,Margaret,"Schwarz, M. A.; Schwarz, MA ",7/1/21,,38996415; 2239087983,ljTcVn4AAAAJ
Scranton,Roy,,8/25/20,,105066064,tg6m8SIAAAAJ
Seabaugh,Alan,"Seabaugh, Alan C.; Seabaugh, A. C.; Seabaugh, AC",8/22/99,,31624797,kTlZgk4AAAAJ
Sen,Mihir,,7/1/17,,144909636,pJV6p0QAAAAJ
Senapati,Satyajyoti,,7/1/20,,3733649,X5PnZzIAAAAJ
Serafini,Tiziana,,8/23/22,,,
Serrano,Arnaldo,,1/1/13,,31758546,RxkATeIAAAAJ
Severson,David,"Severson, David W.; Severson, D. W.; Severson, DW",5/18/20,,3169113,
Shah,Sunny,"Shah, Sunny S.; Shah, S. S.; Shah, SS",1/1/16,7/13/18,120110101,
Shi,Yiyu,,8/23/12,,1702907,LrjbEkIAAAAJ
Shi,Zonggao,,1/1/16,6/30/19,6525048,
Schorey,Jeffrey,"Schorey, Jeffrey S.; Schorey, J. S.; Schorey, JS",1/1/13,,5601339,f5nlQlkAAAAJ
Shrader-Frechette,Kristin,,5/21/19,,1399530469,
Shrout,Joshua,,5/11/11,,2320078,NeVaWhQAAAAJ
Simonetti,Antonio,,8/22/12,,1907182,PytIh4cAAAAJ
Sisk,Matthew,"Sisk, Matthew L.; Sisk, M. L.; Sisk, ML",1/1/16,,39920935,tydcbvYAAAAJ
Siwo,Geoffrey,"Siwo, Geoffrey H.; Siwo, G. H.; Siwo, GH",7/1/21,3/31/22,2984112,8N7nfr4AAAAJ
Smith,Cody,,1/1/13,,49986943,WkYbmD8AAAAJ
Smith,Bradley,"Smith, Bradley D.; Smith, B. D.; Smith, BD",8/22/01,,6448202,3Os7Q-8AAAAJ
Smith-Oka,Vania,,1/1/16,,1401139455,FCcPxwUAAAAJ
Snider,Gregory,"Snider, Gregory L.; Snider, G. L.; Snider, GL",8/22/05,,1781374,S3Torc8AAAAJ
Sobiech,Kathleen,,8/1/21,,114721558,y7tS8hsAAAAJ
Somanchi,Sriram,,1/1/16,,3270403,GoQyiVwAAAAJ
Son,Yoonseock,,,,32227827,adCfBj4AAAAJ
Stack,M. Sharon,"Stack, Mary; Stack, Sharon; Stack, MS; Stack, M. S.",4/1/11,,2129023; 27121773; 12357484,iOsAT4QAAAAJ
Stahelin,Robert,"Stahelin, Robert V.; Stahelin, R. V.; Stahelin, RV",1/1/16,,2180056,
Stapleford,Tom,,8/22/10,,20918394,
Stepanian,Phillip,,1/1/16,11/15/21,1886662,
Stewart,Tiffany,,1/1/16,,,
Streit,Thomas,"Streit, Thomas G.; Streit, T. G.; Streit, TG",1/1/16,,4954985,
Suh,In-Saeng,,1/1/16,1/31/22,46220518,RqxqIsEAAAAJ
Sullivan,Meghan,,8/22/17,,27394587,39E4XmAAAAAJ
Sweet,Christopher,,1/1/16,,1581608331,0NhA_wEAAAAJ
Sweet,James,,1/1/16,,2062999585,dUc3QSEAAAAJ
Syed,Zainulabeuddin,,1/1/16,,1907389,
Szakmany,Gergo,"Szakmany, Gergo P.; Szakmany, G. P.; Szakmany, GP",1/10/22,,2087527,xYTW7rsAAAAJ
Taflanidis,Alex,"Taflanidis, Alexandros",9/15/11,,2533688,
Tanaka,Tetsuya,,1/1/16,,2109200219,
Tank,Jennifer,"Tank, Jennifer L.; Tank, J. L.; Tank, JL",8/22/00,,4960553,2cfco8IAAAAJ
Tanner,Carol,"Tanner, C. E.; Tanner, Carol E.; Tanner, CE",7/1/19,,48733286,
Taylor,Ian,,1/1/16,,31971406,JlqiAJkAAAAJ
Taylor,Katherine,"Taylor, Katherine A.; Taylor, K. A.; Taylor, KA",1/1/16,,,
Taylor,Richard,"Taylor, R. E.; Taylor, Richard E.; Taylor, RE",8/22/04,,143992623,y63FAqIAAAAJ
Tessier,Charles,"Tessier, Charles R.; Tessier, C. R.; Tessier, CR",1/1/16,,40234120,
Thrall,Ashley,,8/22/17,,70671451,eon5yREAAAAJ
Timp,Gregory,"Timp, Gregory L.; Timp, G. L.; Timp, GL",1/1/10,,2459654,39vyUQkAAAAJ
Timperman,Aaron,"Timperman, Aaron T.; Timperman, A. T.; Timperman, AT",1/1/16,,8365526,
Toro,Harold,"Toro, harold J.; Toro, H. J.",6/15/22,,1459538744,HwlRGY4AAAAJ
Toroczkai,Zoltan,,8/22/11,,1722191,5orKjqgAAAAJ
Torres Dowdall,Julian,,8/23/22,,1399286663,pXKZjc8AAAAJ
Tovar,Ben,"Tovar, Benjamin",1/1/13,,50883695,
Traeger,Margaret,,8/23/21,,2075084855,
Tran,Thien-Toan,,1/1/16,8/31/21,3500862,
Trinter,Christine,"Trinter, Christine P.; Trinter, C. P.",7/1/22,,69481512,Yrq4LlYAAAAJ
Tsui,Emily,"Tsui, Emily Y; Tsui, E. Y.; Tsui, EY",8/25/20,,40184098,aDee1o38l1cC
Tullis,Josh,,1/1/16,,,
Vakulenko,Sergei,,9/1/20,,1741292,YANUXmkAAAAJ
Valentino,Kristin,,8/25/20,,50215222,xAYR4SUAAAAJ
Vardeman,Charles,,1/1/16,,3016663,tOVq0O8AAAAJ
Vargo-Gogola,Tracy,"Vargo Gogola, Tracy; Vargo Gogola, Tracy C.; Vargo Gogola, T. C.; Vargo Gogola, TC; Vargo-Gogola, Tracy; Vargo-Gogola, Tracy C.; Vargo-Gogola, T. C.; Vargo-Gogola, TC",1/1/16,,1401010504,8Ojha58AAAAJ
Vaughan,Kevin,,8/22/04,,39027481,zpkReM0AAAAJ
Verma,Neeta,,8/22/16,,,
Vinci,Giuseppe,,8/25/20,,34231527,DLcDsPIAAAAJ
Visconsi,Elliott,,8/22/10,,117558569,
von Holzen,Urs,"Von-Holzen, Urs",1/1/16,,7142561; 6729586,
Vural,Dervis,"Vural, Dervis Can; Vural, Dervis C.; Vural, D. C.; Vural, DC",8/25/20,,7624755,yqDTqW8AAAAJ
Vyushkova,Mariya,,1/1/16,,14826892,Am8xm70AAAAJ
Wachira,Mary Mumbi,,8/1/23,,,
Waddington,Joseph,"Waddington, Richard J.; Waddington, R. J.",8/22/23,,2437465,RVol-d4AAAAJ
Waitkuweit,Kevin Hans,,1/10/20,,118577607,JDdeg5QAAAAJ
Walden,Katherine,,8/24/21,,37191577,
Wang,Chaoli,,8/23/22,,40505818,z13bIdkAAAAJ
Wang,Dong,,1/1/16,8/1/21,46314882,
Wang,Jian-Xun,"Wang, Jianxun",8/23/18,,2110206668,1cXHUD4AAAAJ
Wang,Yichun,,8/25/20,,47904674; 2116640430,zTlVlQoAAAAJ
Weaver,Abigail,,7/1/21,,20396762,uEwK658AAAAJ
Webber,Matt,"Webber, M. J.; Webber, Matthew J.; Webber, MJ",8/22/18,,39546455,OvEfzy8AAAAJ
Wei,Na,,1/1/16,8/1/21,1764150,
Weingart,Scott,"Weingart, Scott B.; Weingart, SB; Weingart, S. B.",3/1/21,12/1/22,21516474,c5t_w1cAAAAJ
Welch,Christopher,,"Iloanusi, Ogechukwu N.",,3617679,3XtDSoAAAAJ
Weldon,Daniel,,12/1/20,,,
Weninger,Tim,,8/22/19,,1714166,V1js0MUAAAAJ
Westerink,Joannes,,8/22/06,,3306271,BNJg8nwAAAAJ
Whaley,Michelle,,8/25/20,,2052502953,
Whelan,Phillip,,12/18/23,,,
Whelan,Rebecca,"Whelan, R. J.; Whelan, Rebecca J.; Whelan, RJ",8/22/18,6/30/23,34429833,5BT_G3oAAAAJ
White,Katharine,"White, K. A.; White, Katharine A.; White, KA",1/7/19,,4333482,RUqSj-4AAAAJ
Whitmer,Jonathan,,8/25/20,,3315101,5R_fumEAAAAJ
Wieck,Robert,"Wieck, Robert J.; Wieck, R. J.",5/6/14,,,
Wiest,Olaf,"Wiest, Olaf G.; Wiest, O. G.; Wiest, OG",8/22/05,,3222580,bfywzJwAAAAJ
Wiley,Taylor,,6/1/21,,67019022,
Winters,Paul,"Winters, Paul C.; Winters, P. C.",9/1/20,,117801182,pobTDJQAAAAJ
Wittendorf,Jim,,9/1/21,,,
Wolf,Eduardo,,7/1/15,12/31/22,32154655,
Wood,Danielle,,7/1/15,,,
Wood,Elizabeth,"Wood, E.",7/1/22,,49025138,
Woodard,Roger,,8/22/17,,123586858,bvd9WpwAAAAJ
Wowak,Kaitlin,"Wowak, Kaitlin D.; Wowak, K. D.",8/23/21,,2436685,xSt6k5gAAAAJ
Wright,Timothy,"Wright, Timothy E.; Wright, T. E.; Wright, TE",1/1/16,9/10/21,32336272,JbVcH20AAAAJ
Xu,Yang,,1/1/18,,2142126723,95e2-XcAAAAJ
Yang,Joonhyuk,,8/24/21,,2109726913,YRfT7w8AAAAJ
Yang,Yang,,8/23/22,,2119925593,I35RJ2UAAAAJ
Ye,Fanny,"Ye, Yanfang",11/1/21,,7873409,egjr888AAAAJ
Yoon,Sangpil,,8/22/18,6/30/22,3786886,6zr1CL8AAAAJ
Young,Jessica,,7/1/17,,2110901781,aLWtPr4AAAAJ
Young,Vanessa,,1/1/16,,36365615,
Yu,Xiufan,,8/23/21,,,
Zartman,Jeremiah,"Zartman, Jeremiah J.; Zartman, J. J.; Zartman, JJ",8/22/18,,113940692,sHBFiOgAAAAJ
Zaytsev,Dmitry,,7/1/23,,1381844494,"""-XRwn3kAAAAJ"""
Zhang,Guangjian,,8/22/14,,49288289,dD3jg80AAAAJ
Zhang,Johnny,"Zhang, Zhiyong Johnny; Zhang, Z",8/22/10,,2117992361,CPT7KjUAAAAJ
Zhang,Simone,,8/24/21,,41156307,xcosJyMAAAAJ
Zhang,Siyuan,,8/22/18,6/30/23,47179742,hgtLKJoAAAAJ
Zhang,Xiangliang,,8/23/21,,2928371,BhRJe4wAAAAJ
Zhang,Yanliang,,8/25/20,,49890294,2tmnR5YAAAAJ
Zhang,Yong,,7/1/21,,2144288465,cs45pZkAAAAJ
Zhang,Yongtao,,8/22/17,,37873856,FMNLEH4AAAAJ
Zhao,Min,,1/1/16,,,
Zhao,Zifeng,,11/1/18,,2117927519,9_jTYJgAAAAJ
Zhu,Changbo,,8/23/22,,2118508574,rpqeh_UAAAAJ
Zimmern,Arnaud,,8/1/20,,81751919,onGXNZMAAAAJ
Zorlutuna,Pinar,,1/1/21,,6635003,NggImzwAAAAJ